<?xml version="1.0" encoding="utf-8" ?>
<dwsync>
<file name="aura.jpg" server="Z:/httpdocs/cartao_klinos/dev/" local="130190794982107686" remote="130190794980000000" Dst="1" />
<file name="credit_amex.png" server="Z:/httpdocs/cartao_klinos/dev/" local="130190794982167689" remote="130190794980000000" Dst="1" />
<file name="credit_aura.png" server="Z:/httpdocs/cartao_klinos/dev/" local="130190794981727664" remote="130190794980000000" Dst="1" />
<file name="credit_diners_club - Cópia.png" server="Z:/httpdocs/cartao_klinos/dev/" local="130190794981787668" remote="130190794980000000" Dst="1" />
<file name="credit_diners_club.png" server="Z:/httpdocs/cartao_klinos/dev/" local="130190794982017681" remote="130190794980000000" Dst="1" />
<file name="credit_hipercard.png" server="Z:/httpdocs/cartao_klinos/dev/" local="130190794983887788" remote="130190794980000000" Dst="1" />
<file name="credit_mastercard.png" server="Z:/httpdocs/cartao_klinos/dev/" local="130190794981587656" remote="130190794980000000" Dst="1" />
<file name="credit_visa.png" server="Z:/httpdocs/cartao_klinos/dev/" local="130190794981527653" remote="130190794980000000" Dst="1" />
<file name="logo_klinos.png" server="Z:/httpdocs/cartao_klinos/dev/" local="130190794981647659" remote="130190794980000000" Dst="1" />
<file name="aura.jpg" server="Z:/httpdocs/cartao_klinos/" local="130190794982107686" remote="130190794980000000" Dst="1" />
<file name="credit_amex.png" server="Z:/httpdocs/cartao_klinos/" local="130190794982167689" remote="130190794980000000" Dst="1" />
<file name="credit_aura.png" server="Z:/httpdocs/cartao_klinos/" local="130190794981727664" remote="130190794980000000" Dst="1" />
<file name="credit_diners_club - Cópia.png" server="Z:/httpdocs/cartao_klinos/" local="130190794981787668" remote="130190794980000000" Dst="1" />
<file name="credit_diners_club.png" server="Z:/httpdocs/cartao_klinos/" local="130190794982017681" remote="130190794980000000" Dst="1" />
<file name="credit_hipercard.png" server="Z:/httpdocs/cartao_klinos/" local="130190794983887788" remote="130190794980000000" Dst="1" />
<file name="credit_mastercard.png" server="Z:/httpdocs/cartao_klinos/" local="130190794981587656" remote="130190794980000000" Dst="1" />
<file name="credit_visa.png" server="Z:/httpdocs/cartao_klinos/" local="130190794981527653" remote="130190794980000000" Dst="1" />
<file name="logo_klinos.png" server="Z:/httpdocs/cartao_klinos/" local="130190794981647659" remote="130190794980000000" Dst="1" />
</dwsync>